Matrix of distances (km) between accessions of the Ecuadorian collection of guarango;;;;;;;;;;;;;;;;;;;;;;;;;;;;;;;;;;;;;;;;;
;;;;;;;;;;;;;;;;;;;;;;;;;;;;;;;;;;;;;;;;;
Accesion;ECU-17733;ECU-17734;ECU-17735;ECU-17736;ECU-17737;ECU-17740;ECU-17741;ECU-17743;ECU-17744;ECU-17746;ECU-17747;ECU-17748;ECU-17749;ECU-17750;ECU-17751;ECU-17752;ECU-17753;ECU-17755;ECU-17756;ECU-17757;ECU-17758;ECU-17759;ECU-17761;ECU-17763;ECU-17764;ECU-17765;ECU-17766;ECU-17767;ECU-17768;ECU-17769;ECU-17770;ECU-17771;ECU-17772;ECU-17773;ECU-17774;ECU-17775;ECU-17776;ECU-17777;ECU-17778;;
ECU-17733;0.00;;;;;;;;;;;;;;;;;;;;;;;;;;;;;;;;;;;;;;;;
ECU-17734;73.17;0.00;;;;;;;;;;;;;;;;;;;;;;;;;;;;;;;;;;;;;;;
ECU-17735;24.02;95.97;0.00;;;;;;;;;;;;;;;;;;;;;;;;;;;;;;;;;;;;;;
ECU-17736;20.96;93.92;12.16;0.00;;;;;;;;;;;;;;;;;;;;;;;;;;;;;;;;;;;;;
ECU-17737;72.01;139.91;60.31;53.10;0.00;;;;;;;;;;;;;;;;;;;;;;;;;;;;;;;;;;;;
ECU-17740;54.09;126.84;35.59;33.13;29.37;0.00;;;;;;;;;;;;;;;;;;;;;;;;;;;;;;;;;;;
ECU-17741;60.86;131.63;46.28;40.66;15.34;14.08;0.00;;;;;;;;;;;;;;;;;;;;;;;;;;;;;;;;;;
ECU-17743;59.52;131.45;42.80;38.76;21.38;8.24;6.54;0.00;;;;;;;;;;;;;;;;;;;;;;;;;;;;;;;;;
ECU-17744;57.24;129.93;38.69;36.28;27.74;3.18;12.80;6.37;0.00;;;;;;;;;;;;;;;;;;;;;;;;;;;;;;;;
ECU-17746;66.74;139.63;47.03;45.80;28.91;12.86;17.15;11.75;9.90;0.00;;;;;;;;;;;;;;;;;;;;;;;;;;;;;;;
ECU-17747;70.72;143.54;51.12;49.77;28.35;16.70;18.55;14.17;13.63;4.08;0.00;;;;;;;;;;;;;;;;;;;;;;;;;;;;;;
ECU-17748;65.41;138.23;46.02;44.46;27.83;11.40;15.60;10.06;8.36;1.71;5.31;0.00;;;;;;;;;;;;;;;;;;;;;;;;;;;;;
ECU-17749;77.14;144.40;65.70;58.42;5.40;34.37;20.48;26.25;32.55;32.69;31.59;31.78;0.00;;;;;;;;;;;;;;;;;;;;;;;;;;;;
ECU-17750;65.63;136.12;51.05;45.49;11.88;17.85;4.84;9.66;15.95;17.65;17.96;16.37;16.60;0.00;;;;;;;;;;;;;;;;;;;;;;;;;;;
ECU-17751;15.92;88.36;8.12;10.31;63.02;40.85;49.97;47.36;44.02;52.98;57.04;51.81;68.37;54.81;0.00;;;;;;;;;;;;;;;;;;;;;;;;;;
ECU-17752;106.09;33.11;128.47;126.92;172.78;159.90;164.73;164.57;163.01;172.68;176.60;171.29;177.18;169.20;121.03;0.00;;;;;;;;;;;;;;;;;;;;;;;;;
ECU-17753;172.20;99.16;195.12;192.76;235.57;225.37;228.99;229.45;228.41;238.21;242.04;236.76;239.57;233.25;187.51;67.14;0.00;;;;;;;;;;;;;;;;;;;;;;;;
ECU-17755;168.15;95.00;190.91;188.79;232.27;221.52;225.41;225.74;224.58;234.35;238.21;232.91;236.34;229.72;183.35;62.62;5.78;0.00;;;;;;;;;;;;;;;;;;;;;;;
ECU-17756;184.23;111.12;207.05;204.84;247.87;237.51;241.23;241.65;240.56;250.35;254.19;248.90;251.88;245.50;199.48;78.80;12.31;16.17;0.00;;;;;;;;;;;;;;;;;;;;;;
ECU-17757;97.33;29.71;118.22;118.28;167.02;151.39;157.62;156.76;154.55;163.95;167.97;162.67;171.72;162.26;111.28;18.80;81.57;76.50;92.46;0.00;;;;;;;;;;;;;;;;;;;;;
ECU-17758;97.90;25.87;119.90;118.81;165.71;151.89;157.18;156.79;155.02;164.61;168.56;163.25;170.24;161.71;112.59;9.58;76.36;71.69;87.85;11.24;0.00;;;;;;;;;;;;;;;;;;;;
ECU-17759;113.82;40.65;136.44;134.56;179.59;167.44;171.92;171.94;170.53;180.25;184.14;178.84;183.90;176.34;128.92;8.59;58.85;54.48;70.63;26.54;18.16;0.00;;;;;;;;;;;;;;;;;;;
ECU-17761;134.77;62.05;157.92;155.22;197.96;187.74;191.29;191.76;190.77;200.59;204.40;199.12;202.01;195.55;150.21;31.90;37.70;34.36;49.95;49.29;41.48;23.33;0.00;;;;;;;;;;;;;;;;;;
ECU-17763;436.27;363.14;458.46;457.06;500.44;489.94;493.93;494.27;493.02;502.75;506.64;501.33;504.36;498.21;451.15;330.18;264.97;268.54;252.71;340.76;338.57;322.50;302.66;0.00;;;;;;;;;;;;;;;;;
ECU-17764;439.83;366.72;461.98;460.63;504.14;493.52;497.57;497.88;496.61;506.33;510.22;504.92;508.06;501.86;454.68;333.74;268.63;272.17;256.36;344.22;342.09;326.09;306.32;4.10;0.00;;;;;;;;;;;;;;;;
ECU-17765;438.99;365.87;461.17;459.79;503.21;492.67;496.68;497.01;495.75;505.48;509.37;504.07;507.13;500.96;453.86;332.90;267.72;271.28;255.46;343.45;341.28;325.24;305.41;2.80;1.60;0.00;;;;;;;;;;;;;;;
ECU-17766;441.79;368.99;463.42;462.70;507.64;495.75;500.43;500.43;498.86;508.49;512.43;507.12;511.73;504.82;456.32;335.88;272.26;275.39;259.95;345.25;343.89;328.53;309.73;26.14;23.70;25.11;0.00;;;;;;;;;;;;;;
ECU-17767;444.31;371.54;465.91;465.23;510.25;498.28;503.01;502.99;501.40;511.02;514.97;509.66;514.36;507.40;458.82;338.43;274.91;278.02;262.60;347.72;346.42;331.10;312.36;28.38;25.67;27.15;2.99;0.00;;;;;;;;;;;;;
ECU-17768;460.00;387.04;481.85;480.88;525.21;513.87;518.29;518.42;516.98;526.65;530.57;525.26;529.23;522.64;474.67;353.97;289.66;292.97;277.35;363.79;362.13;346.49;327.26;28.84;24.76;26.25;20.67;19.41;0.00;;;;;;;;;;;;
ECU-17769;469.67;396.52;491.97;490.44;533.39;523.26;527.08;527.50;526.33;536.08;539.95;534.65;537.25;531.33;484.62;363.61;298.09;301.77;285.86;374.40;372.07;355.87;335.79;33.88;30.84;31.33;42.57;42.34;24.73;0.00;;;;;;;;;;;
ECU-17770;440.56;367.73;462.22;461.46;506.32;494.50;499.15;499.17;497.62;507.25;511.19;505.88;510.40;503.53;455.11;334.63;270.90;274.06;258.59;344.07;342.66;327.25;308.39;24.45;22.15;23.53;1.90;4.84;21.13;42.26;0.00;;;;;;;;;;
ECU-17771;5.38;68.43;27.89;26.13;77.38;59.24;66.23;64.80;62.40;71.82;75.82;70.52;82.50;71.00;20.01;101.23;167.55;163.43;179.54;92.16;92.93;109.04;130.21;431.40;434.95;434.13;436.80;439.32;455.06;464.84;435.58;0.00;;;;;;;;;
ECU-17772;183.28;112.48;203.94;204.23;252.28;237.35;243.39;242.67;240.51;249.90;253.92;248.62;256.83;247.99;197.15;80.24;44.70;41.42;42.14;85.95;86.61;74.75;64.80;257.22;260.53;259.85;260.27;262.67;279.21;291.06;259.16;178.11;0.00;;;;;;;;
ECU-17773;303.85;230.67;326.35;324.55;367.49;357.31;361.07;361.50;360.38;370.15;374.00;368.71;371.40;365.33;318.91;197.89;132.08;135.79;119.86;209.46;206.52;190.03;169.78;132.96;136.67;135.73;141.92;144.71;158.30;166.01;140.43;299.07;129.23;0.00;;;;;;;
ECU-17774;321.31;248.23;344.16;341.85;383.39;374.37;377.57;378.27;377.40;387.23;391.03;385.75;387.14;381.72;336.59;215.81;149.11;153.26;137.12;228.28;224.69;207.73;186.65;118.69;122.60;121.49;131.07;133.98;145.61;150.59;129.42;316.65;150.09;22.62;0.00;;;;;;
ECU-17775;307.19;234.06;329.93;327.80;369.91;360.42;363.85;364.44;363.47;373.27;377.10;371.81;373.73;368.04;322.40;201.49;135.06;139.05;122.97;213.67;210.29;193.49;172.70;131.03;134.85;133.82;141.65;144.50;157.20;163.55;140.08;302.49;135.01;9.42;15.12;0.00;;;;;
ECU-17776;169.72;96.60;192.53;190.35;233.62;223.04;226.85;227.22;226.10;235.88;239.72;234.43;237.67;231.14;184.96;64.33;3.80;2.01;14.51;78.37;73.44;56.13;35.66;267.09;270.73;269.84;274.07;276.71;291.60;300.29;272.74;165.03;42.27;134.29;151.63;137.47;0.00;;;;
ECU-17777;229.39;156.23;251.80;250.15;293.96;282.99;287.08;287.34;286.07;295.81;299.69;294.39;298.01;291.40;244.39;123.36;58.54;61.71;46.23;135.00;131.94;115.58;96.01;206.95;210.55;209.68;213.74;216.39;231.27;240.29;212.40;224.57;59.22;74.58;93.45;78.71;60.35;0.00;;;
ECU-17778;197.73;124.69;220.65;218.28;260.73;250.86;254.36;254.89;253.90;263.71;267.53;262.25;264.67;258.59;213.04;92.53;25.54;29.95;13.84;106.29;101.64;84.31;63.13;239.72;243.41;242.48;247.50;250.18;264.65;272.74;246.11;193.08;48.84;106.77;123.58;109.57;28.20;34.47;0.00;;
